// By ChatGPT ❤️

INSERT INTO CLIENTE (ID, CPF, EMAIL, NOME, TELEFONE) VALUES (1, '12345678901', 'joao.silva@email.com', 'João Silva', '(11) 91234-5678');
INSERT INTO CLIENTE (ID, CPF, EMAIL, NOME, TELEFONE) VALUES (2, '23456789012', 'maria.santos@email.com', 'Maria Santos', '(21) 98765-4321');
INSERT INTO CLIENTE (ID, CPF, EMAIL, NOME, TELEFONE) VALUES (3, '34567890123', 'carlos.lima@email.com', 'Carlos Lima', '(31) 99876-5432');
INSERT INTO CLIENTE (ID, CPF, EMAIL, NOME, TELEFONE) VALUES (4, '45678901234', 'ana.pereira@email.com', 'Ana Pereira', '(41) 97654-3210');
INSERT INTO CLIENTE (ID, CPF, EMAIL, NOME, TELEFONE) VALUES (5, '56789012345', 'roberto.costa@email.com', 'Roberto Costa', '(51) 96543-2109');

INSERT INTO FORNECEDOR (ID, RAZAO_SOCIAL, NOME_FANTASIA, CNPJ, EMAIL, TELEFONE) VALUES (1, 'Fornecedor A Ltda', 'Fornecedor A', '11111111000101', 'contato@fornecedora.com', '(11) 91111-1111');
INSERT INTO FORNECEDOR (ID, RAZAO_SOCIAL, NOME_FANTASIA, CNPJ, EMAIL, TELEFONE) VALUES (2, 'Fornecedor B Comercio e Servicos Ltda', 'Fornecedor B', '22222222000102', 'suporte@fornecedorb.com', '(21) 92222-2222');
INSERT INTO FORNECEDOR (ID, RAZAO_SOCIAL, NOME_FANTASIA, CNPJ, EMAIL, TELEFONE) VALUES (3, 'Cia Distribuidora C', 'Distribuidora C', '33333333000103', 'vendas@distribuidorac.com', '(31) 93333-3333');
INSERT INTO FORNECEDOR (ID, RAZAO_SOCIAL, NOME_FANTASIA, CNPJ, EMAIL, TELEFONE) VALUES (4, 'Industria de Produtos D Ltda', 'Indústria D', '44444444000104', 'contato@industriad.com', '(41) 94444-4444');
INSERT INTO FORNECEDOR (ID, RAZAO_SOCIAL, NOME_FANTASIA, CNPJ, EMAIL, TELEFONE) VALUES (5, 'Grupo Comercial E SA', 'Grupo E', '55555555000105', 'atendimento@grupoe.com', '(51) 95555-5555');

INSERT INTO PRODUTO (ID, NOME, PRECO, FORNECEDOR_ID) VALUES (1, 'Produto A', 25.50, 1);
INSERT INTO PRODUTO (ID, NOME, PRECO, FORNECEDOR_ID) VALUES (2, 'Produto B', 49.99, 3);
INSERT INTO PRODUTO (ID, NOME, PRECO, FORNECEDOR_ID) VALUES (3, 'Produto C', 15.75, 2);
INSERT INTO PRODUTO (ID, NOME, PRECO, FORNECEDOR_ID) VALUES (4, 'Produto D', 30.00, 1);
INSERT INTO PRODUTO (ID, NOME, PRECO, FORNECEDOR_ID) VALUES (5, 'Produto E', 60.25, 2);

INSERT INTO PEDIDO (ID, NOME, CLIENTE_ID, DATA_INCLUSAO, DATA_ALTERACAO) VALUES (1, 'Pedido A', 1, '2024-11-01 10:00:00', '2024-11-01 10:00:00');
INSERT INTO PEDIDO (ID, NOME, CLIENTE_ID, DATA_INCLUSAO, DATA_ALTERACAO) VALUES (2, 'Pedido B', 2, '2024-11-02 14:30:00', '2024-11-02 14:30:00');
INSERT INTO PEDIDO (ID, NOME, CLIENTE_ID, DATA_INCLUSAO, DATA_ALTERACAO) VALUES (3, 'Pedido C', 3, '2024-11-03 09:00:00', '2024-11-03 09:00:00');
INSERT INTO PEDIDO (ID, NOME, CLIENTE_ID, DATA_INCLUSAO, DATA_ALTERACAO) VALUES (4, 'Pedido D', 1, '2024-11-04 16:45:00', '2024-11-04 16:45:00');
INSERT INTO PEDIDO (ID, NOME, CLIENTE_ID, DATA_INCLUSAO, DATA_ALTERACAO) VALUES (5, 'Pedido E', 2, '2024-11-05 11:20:00', '2024-11-05 11:20:00');
INSERT INTO PEDIDO (ID, NOME, CLIENTE_ID, DATA_INCLUSAO, DATA_ALTERACAO) VALUES (6, 'Pedido DELETADO', null, '2024-11-06 12:20:00', '2024-11-06 12:20:00');

INSERT INTO ITEM_PEDIDO (ID, PEDIDO_ID, PRODUTO_ID, QUANTIDADE, PRECO) VALUES (1, 1, 1, 2, 19.99);  -- Pedido 1, Produto 1, 2 unidades, preço 19.99
INSERT INTO ITEM_PEDIDO (ID, PEDIDO_ID, PRODUTO_ID, QUANTIDADE, PRECO) VALUES (2, 1, 2, 1, 29.99);  -- Pedido 1, Produto 2, 1 unidade, preço 29.99
INSERT INTO ITEM_PEDIDO (ID, PEDIDO_ID, PRODUTO_ID, QUANTIDADE, PRECO) VALUES (3, 2, 3, 5, 39.99);  -- Pedido 2, Produto 3, 5 unidades, preço 39.99
INSERT INTO ITEM_PEDIDO (ID, PEDIDO_ID, PRODUTO_ID, QUANTIDADE, PRECO) VALUES (4, 2, 4, 3, 49.99);  -- Pedido 2, Produto 4, 3 unidades, preço 49.99
INSERT INTO ITEM_PEDIDO (ID, PEDIDO_ID, PRODUTO_ID, QUANTIDADE, PRECO) VALUES (5, 3, 5, 1, 59.99);  -- Pedido 3, Produto 5, 1 unidade, preço 59.99